model,precision,recall,f1,true_negative,false_positive,false_negative,true_positive,roc_auc,average_precision
Random Forest,1.0,0.9736842105263158,0.9866666666666667,682,0,1,37,1.0,0.9999999999999998
Isolation Forest,0.7272727272727273,0.8421052631578947,0.7804878048780488,670,12,6,32,0.9858388640222256,0.7639344226266103
PyTorch Autoencoder,0.7586206896551724,0.5789473684210527,0.6567164179104478,675,7,16,22,0.9467510418274425,0.7174825772862659
